CustomerID,FirstName,LastName,Age,Country,Email,SignupDate
1,Anna,Wilson,36,Canada,user1@example.com,12/13/2022
2,David,Lee,63,Germany,user2@example.com,11/18/2019
3,Michael,Wilson,53,UK,user3@example.com,6/27/2021
4,David,Wilson,62,Australia,user4@example.com,3/2/2021
5,David,Taylor,25,Australia,user5@example.com,1/19/2019
6,Sara,Wilson,46,UK,user6@example.com,12/16/2019
7,Michael,Brown,49,UK,user7@example.com,4/27/2021
8,Michael,Wilson,68,Canada,user8@example.com,2/5/2023
9,Michael,Wilson,61,Australia,user9@example.com,9/19/2021
10,David,Wilson,35,Australia,user10@example.com,5/21/2021
11,Anna,Smith,23,Canada,user11@example.com,5/30/2022
12,Michael,Brown,35,USA,user12@example.com,10/18/2021
13,Emily,Brown,36,Canada,user13@example.com,4/26/2021
14,David,Lee,39,Germany,user14@example.com,2/1/2020
15,Sara,Taylor,54,Australia,user15@example.com,1/8/2023
16,Anna,Wilson,49,UK,user16@example.com,3/9/2022
17,Emily,Johnson,58,Germany,user17@example.com,1/5/2021
18,Emily,Taylor,20,Australia,user18@example.com,7/19/2020
19,Sara,Taylor,45,Canada,user19@example.com,2/6/2019
20,Anna,Brown,27,Germany,user20@example.com,6/18/2023
21,David,Taylor,68,Australia,user21@example.com,4/13/2020
22,John,Wilson,52,USA,user22@example.com,8/23/2022
23,Anna,Wilson,46,USA,user23@example.com,6/3/2023
24,Sara,Smith,32,UK,user24@example.com,6/17/2020
25,Emily,Wilson,50,Australia,user25@example.com,7/8/2020
26,David,Wilson,24,USA,user26@example.com,12/12/2021
27,Anna,Brown,29,Canada,user27@example.com,12/19/2022
28,John,Wilson,66,Australia,user28@example.com,12/6/2023
29,John,Smith,47,Canada,user29@example.com,3/14/2022
30,Michael,Johnson,38,Canada,user30@example.com,9/6/2021
31,Michael,Brown,48,USA,user31@example.com,2/14/2023
32,Sara,Johnson,41,Australia,user32@example.com,6/12/2020
33,Anna,Brown,37,Germany,user33@example.com,9/21/2019
34,Anna,Lee,54,USA,user34@example.com,9/3/2020
35,Emily,Taylor,21,USA,user35@example.com,4/1/2019
36,Emily,Lee,45,Australia,user36@example.com,1/16/2023
37,Emily,Wilson,61,Australia,user37@example.com,3/20/2019
38,Michael,Johnson,37,Canada,user38@example.com,5/31/2022
39,Anna,Wilson,41,Australia,user39@example.com,6/20/2021
40,Anna,Taylor,67,Canada,user40@example.com,9/28/2019
41,John,Brown,66,USA,user41@example.com,9/5/2021
42,Michael,Taylor,68,UK,user42@example.com,4/8/2020
43,David,Smith,49,Germany,user43@example.com,5/13/2023
44,Michael,Taylor,58,USA,user44@example.com,12/26/2021
45,David,Smith,53,Australia,user45@example.com,1/22/2019
46,John,Taylor,51,Germany,user46@example.com,2/12/2023
47,Sara,Smith,53,UK,user47@example.com,4/4/2023
48,Anna,Johnson,19,UK,user48@example.com,11/7/2020
49,John,Wilson,32,Canada,user49@example.com,2/28/2020
50,Anna,Wilson,51,Germany,user50@example.com,12/28/2021
51,Emily,Lee,53,Canada,user51@example.com,8/10/2023
52,Sara,Wilson,23,USA,user52@example.com,7/7/2022
53,Sara,Brown,56,Germany,user53@example.com,3/26/2021
54,John,Taylor,59,USA,user54@example.com,5/7/2021
55,Sara,Lee,68,Canada,user55@example.com,4/5/2019
56,David,Brown,68,Germany,user56@example.com,5/4/2022
57,Sara,Brown,29,Canada,user57@example.com,1/3/2020
58,Anna,Smith,20,Germany,user58@example.com,10/20/2019
59,Anna,Wilson,62,Canada,user59@example.com,1/5/2023
60,Anna,Johnson,35,UK,user60@example.com,9/19/2023
61,Anna,Johnson,57,Canada,user61@example.com,1/21/2021
62,David,Lee,38,UK,user62@example.com,5/17/2020
63,Michael,Johnson,32,Canada,user63@example.com,4/15/2022
64,Emily,Taylor,50,Germany,user64@example.com,1/14/2020
65,John,Johnson,52,Germany,user65@example.com,11/13/2020
66,Anna,Lee,43,Germany,user66@example.com,6/1/2023
67,Sara,Johnson,25,Australia,user67@example.com,6/27/2023
68,Anna,Taylor,53,USA,user68@example.com,8/3/2022
69,Sara,Smith,65,Germany,user69@example.com,3/29/2019
70,Emily,Lee,47,UK,user70@example.com,6/26/2019
71,Emily,Smith,40,Germany,user71@example.com,4/16/2022
72,Emily,Smith,59,Australia,user72@example.com,11/11/2020
73,Sara,Smith,61,UK,user73@example.com,10/23/2023
74,Anna,Brown,31,Australia,user74@example.com,3/24/2020
75,Emily,Wilson,31,UK,user75@example.com,10/13/2019
76,David,Brown,19,Canada,user76@example.com,2/7/2022
77,Sara,Wilson,54,USA,user77@example.com,1/12/2019
78,Sara,Smith,22,USA,user78@example.com,11/29/2019
79,Anna,Lee,55,Australia,user79@example.com,11/29/2021
80,Sara,Wilson,62,USA,user80@example.com,8/18/2021
81,Sara,Taylor,58,Australia,user81@example.com,1/8/2023
82,Emily,Taylor,64,Australia,user82@example.com,10/6/2019
83,Anna,Johnson,31,Australia,user83@example.com,6/13/2019
84,Emily,Wilson,56,USA,user84@example.com,9/4/2023
85,Emily,Lee,42,Australia,user85@example.com,11/4/2023
86,Anna,Brown,37,USA,user86@example.com,1/8/2019
87,John,Smith,19,Australia,user87@example.com,9/13/2019
88,Emily,Johnson,56,Germany,user88@example.com,6/14/2019
89,David,Taylor,23,Australia,user89@example.com,8/21/2020
90,David,Brown,34,UK,user90@example.com,7/23/2021
91,Sara,Brown,42,Australia,user91@example.com,4/7/2019
92,David,Smith,45,Canada,user92@example.com,7/10/2023
93,Sara,Wilson,19,Australia,user93@example.com,12/9/2021
94,John,Taylor,52,UK,user94@example.com,2/11/2021
95,Anna,Lee,54,UK,user95@example.com,1/3/2019
96,Anna,Brown,22,USA,user96@example.com,2/24/2019
97,Anna,Smith,18,Germany,user97@example.com,3/2/2022
98,David,Lee,57,Australia,user98@example.com,3/25/2022
99,John,Wilson,29,USA,user99@example.com,8/23/2020
100,David,Taylor,53,Germany,user100@example.com,5/26/2022
101,David,Wilson,62,Australia,user101@example.com,3/18/2019
102,John,Brown,40,Canada,user102@example.com,1/7/2020
103,John,Lee,64,Australia,user103@example.com,4/29/2022
104,John,Lee,48,UK,user104@example.com,10/21/2023
105,John,Lee,28,UK,user105@example.com,3/28/2021
106,Anna,Brown,27,Canada,user106@example.com,12/13/2021
107,Michael,Brown,20,USA,user107@example.com,12/25/2020
108,Michael,Wilson,31,Germany,user108@example.com,2/25/2020
109,John,Johnson,33,Australia,user109@example.com,11/18/2020
110,Michael,Wilson,27,UK,user110@example.com,1/3/2021
111,Michael,Taylor,46,USA,user111@example.com,5/13/2020
112,John,Smith,27,Canada,user112@example.com,3/9/2023
113,Michael,Lee,29,UK,user113@example.com,11/21/2021
114,David,Johnson,47,Canada,user114@example.com,2/19/2022
115,Sara,Smith,58,Australia,user115@example.com,2/15/2019
116,Sara,Johnson,18,Germany,user116@example.com,2/22/2021
117,John,Wilson,22,UK,user117@example.com,8/15/2020
118,Anna,Brown,37,UK,user118@example.com,11/12/2023
119,John,Lee,25,Australia,user119@example.com,8/15/2021
120,Anna,Wilson,60,USA,user120@example.com,11/19/2022
121,Sara,Smith,29,Germany,user121@example.com,1/27/2019
122,John,Smith,18,UK,user122@example.com,12/6/2022
123,Emily,Smith,37,Germany,user123@example.com,7/2/2019
124,David,Smith,45,UK,user124@example.com,12/7/2021
125,Michael,Smith,60,Germany,user125@example.com,11/26/2019
126,Anna,Johnson,54,Canada,user126@example.com,8/18/2019
127,Emily,Wilson,64,UK,user127@example.com,6/3/2020
128,Michael,Lee,54,Germany,user128@example.com,11/25/2022
129,Michael,Brown,29,USA,user129@example.com,3/10/2019
130,John,Brown,54,Canada,user130@example.com,4/4/2019
131,Michael,Wilson,66,Canada,user131@example.com,7/16/2019
132,David,Wilson,66,USA,user132@example.com,5/24/2019
133,Emily,Brown,61,Germany,user133@example.com,10/27/2022
134,Michael,Brown,45,Australia,user134@example.com,3/14/2021
135,John,Johnson,64,USA,user135@example.com,8/21/2019
136,David,Taylor,32,Germany,user136@example.com,10/17/2020
137,Sara,Lee,23,USA,user137@example.com,10/11/2020
138,Emily,Smith,61,USA,user138@example.com,7/7/2023
139,Michael,Taylor,37,UK,user139@example.com,11/26/2023
140,John,Wilson,67,Germany,user140@example.com,8/31/2023
141,Sara,Brown,31,Australia,user141@example.com,7/15/2021
142,Sara,Taylor,19,UK,user142@example.com,1/31/2022
143,Anna,Lee,26,USA,user143@example.com,1/7/2019
144,David,Wilson,54,USA,user144@example.com,5/14/2021
145,Michael,Smith,37,USA,user145@example.com,4/14/2021
146,John,Smith,43,Germany,user146@example.com,11/20/2019
147,Anna,Lee,46,Germany,user147@example.com,11/27/2023
148,David,Lee,18,UK,user148@example.com,3/19/2019
149,Anna,Brown,52,Australia,user149@example.com,1/19/2023
150,Emily,Smith,23,UK,user150@example.com,10/1/2020
151,David,Wilson,54,Canada,user151@example.com,11/2/2022
152,David,Taylor,22,USA,user152@example.com,6/9/2021
153,Michael,Wilson,50,USA,user153@example.com,1/13/2019
154,David,Johnson,66,USA,user154@example.com,4/18/2021
155,Anna,Johnson,68,UK,user155@example.com,2/28/2022
156,David,Lee,31,UK,user156@example.com,9/29/2020
157,Michael,Brown,29,USA,user157@example.com,5/22/2022
158,Michael,Johnson,59,UK,user158@example.com,2/13/2022
159,Emily,Smith,37,Germany,user159@example.com,4/24/2022
160,Anna,Wilson,67,Germany,user160@example.com,5/1/2020
161,Sara,Wilson,41,UK,user161@example.com,10/7/2022
162,Sara,Lee,60,USA,user162@example.com,2/10/2021
163,David,Taylor,51,UK,user163@example.com,12/26/2022
164,Emily,Lee,42,UK,user164@example.com,5/8/2021
165,John,Taylor,67,UK,user165@example.com,4/19/2023
166,David,Lee,46,Canada,user166@example.com,7/2/2022
167,Emily,Lee,56,Germany,user167@example.com,3/16/2021
168,Anna,Lee,48,Australia,user168@example.com,12/16/2023
169,Anna,Taylor,64,Australia,user169@example.com,11/19/2023
170,Anna,Taylor,60,Canada,user170@example.com,7/14/2019
171,Anna,Lee,67,UK,user171@example.com,5/9/2020
172,Anna,Johnson,40,Canada,user172@example.com,5/16/2021
173,Emily,Brown,61,Canada,user173@example.com,10/8/2019
174,Emily,Brown,55,USA,user174@example.com,5/20/2021
175,Michael,Brown,37,Germany,user175@example.com,9/6/2019
176,Sara,Taylor,40,Australia,user176@example.com,5/20/2022
177,Anna,Taylor,62,UK,user177@example.com,5/2/2022
178,John,Johnson,69,Australia,user178@example.com,8/6/2020
179,Emily,Brown,33,Australia,user179@example.com,5/1/2020
180,John,Brown,67,Germany,user180@example.com,12/9/2020
181,John,Lee,59,Australia,user181@example.com,12/10/2019
182,John,Taylor,25,Australia,user182@example.com,2/20/2019
183,Michael,Brown,67,Canada,user183@example.com,2/17/2021
184,Emily,Wilson,38,Germany,user184@example.com,5/30/2022
185,John,Johnson,18,USA,user185@example.com,12/20/2023
186,Anna,Wilson,25,UK,user186@example.com,11/7/2023
187,David,Wilson,46,Australia,user187@example.com,11/11/2021
188,John,Johnson,49,UK,user188@example.com,10/20/2022
189,Michael,Wilson,55,USA,user189@example.com,8/3/2019
190,Emily,Brown,22,UK,user190@example.com,5/23/2019
191,Michael,Taylor,64,USA,user191@example.com,9/5/2019
192,John,Johnson,39,Canada,user192@example.com,2/8/2019
193,Emily,Lee,64,Australia,user193@example.com,3/5/2022
194,David,Wilson,51,USA,user194@example.com,3/6/2020
195,John,Johnson,18,UK,user195@example.com,4/16/2020
196,Michael,Smith,43,Australia,user196@example.com,7/1/2023
197,Sara,Smith,60,Canada,user197@example.com,9/7/2020
198,Anna,Taylor,27,Australia,user198@example.com,11/29/2019
199,Michael,Brown,47,USA,user199@example.com,11/27/2022
200,Emily,Taylor,67,Canada,user200@example.com,11/26/2022
201,John,Taylor,35,UK,user201@example.com,2/13/2019
202,Anna,Taylor,34,Canada,user202@example.com,2/10/2021
203,John,Taylor,43,Canada,user203@example.com,6/14/2020
204,Emily,Lee,25,Germany,user204@example.com,4/4/2020
205,John,Lee,64,Canada,user205@example.com,1/6/2020
206,Sara,Johnson,57,Canada,user206@example.com,1/29/2023
207,Anna,Smith,66,Australia,user207@example.com,8/9/2023
208,Anna,Taylor,29,UK,user208@example.com,12/10/2021
209,Emily,Johnson,44,Australia,user209@example.com,12/10/2023
210,Sara,Smith,25,Australia,user210@example.com,8/11/2022
211,Michael,Wilson,42,USA,user211@example.com,2/20/2020
212,John,Brown,63,Australia,user212@example.com,10/11/2021
213,David,Lee,21,Germany,user213@example.com,7/8/2019
214,John,Wilson,50,Germany,user214@example.com,1/1/2019
215,John,Smith,18,USA,user215@example.com,7/12/2019
216,Michael,Wilson,36,UK,user216@example.com,6/7/2022
217,John,Brown,48,UK,user217@example.com,11/2/2020
218,Sara,Smith,33,Australia,user218@example.com,1/30/2022
219,Sara,Wilson,31,Australia,user219@example.com,2/10/2019
220,Anna,Lee,65,Australia,user220@example.com,11/16/2021
221,Emily,Lee,22,UK,user221@example.com,9/10/2020
222,David,Johnson,58,Canada,user222@example.com,12/15/2020
223,John,Wilson,43,Germany,user223@example.com,8/13/2019
224,John,Taylor,45,Canada,user224@example.com,11/14/2021
225,Michael,Wilson,19,Canada,user225@example.com,11/4/2023
226,Emily,Smith,67,UK,user226@example.com,3/14/2020
227,Sara,Smith,23,Canada,user227@example.com,3/24/2022
228,David,Wilson,26,USA,user228@example.com,12/27/2022
229,Anna,Brown,50,Australia,user229@example.com,12/17/2020
230,Sara,Lee,58,USA,user230@example.com,12/2/2020
231,Emily,Smith,42,Germany,user231@example.com,12/28/2021
232,Anna,Lee,65,Australia,user232@example.com,4/15/2022
233,Michael,Smith,30,Canada,user233@example.com,10/22/2020
234,Michael,Johnson,26,Germany,user234@example.com,8/30/2020
235,John,Taylor,30,Australia,user235@example.com,3/16/2022
236,Emily,Smith,48,Canada,user236@example.com,5/27/2022
237,David,Lee,58,USA,user237@example.com,4/6/2019
238,Anna,Johnson,28,Australia,user238@example.com,3/13/2021
239,Sara,Smith,21,Canada,user239@example.com,7/31/2022
240,Emily,Brown,51,USA,user240@example.com,12/22/2021
241,Emily,Taylor,55,Germany,user241@example.com,3/24/2022
242,Michael,Smith,63,Germany,user242@example.com,3/17/2021
243,John,Johnson,21,Germany,user243@example.com,3/14/2021
244,John,Brown,55,Germany,user244@example.com,8/7/2020
245,Anna,Wilson,36,UK,user245@example.com,1/18/2019
246,Michael,Johnson,23,Australia,user246@example.com,4/1/2021
247,Emily,Johnson,51,Australia,user247@example.com,12/23/2021
248,David,Brown,35,UK,user248@example.com,10/23/2019
249,Michael,Johnson,30,Canada,user249@example.com,6/15/2019
250,Anna,Brown,58,Canada,user250@example.com,1/14/2023
251,Anna,Smith,40,Germany,user251@example.com,6/23/2020
252,Michael,Brown,36,USA,user252@example.com,4/4/2020
253,Anna,Brown,62,Canada,user253@example.com,6/18/2020
254,Michael,Taylor,28,USA,user254@example.com,6/20/2019
255,Sara,Brown,18,Australia,user255@example.com,1/30/2022
256,Michael,Brown,41,USA,user256@example.com,12/10/2021
257,Michael,Wilson,24,Australia,user257@example.com,1/23/2020
258,Anna,Smith,42,UK,user258@example.com,8/28/2023
259,Anna,Taylor,38,UK,user259@example.com,7/27/2020
260,John,Wilson,32,Germany,user260@example.com,5/24/2022
261,John,Lee,18,Canada,user261@example.com,10/20/2022
262,Sara,Smith,29,Germany,user262@example.com,11/8/2021
263,John,Smith,24,Australia,user263@example.com,10/8/2023
264,Michael,Lee,32,Germany,user264@example.com,12/26/2021
265,Anna,Brown,38,USA,user265@example.com,3/21/2023
266,John,Wilson,36,Australia,user266@example.com,6/8/2022
267,John,Johnson,46,UK,user267@example.com,7/28/2022
268,Sara,Taylor,42,Canada,user268@example.com,6/9/2019
269,Emily,Johnson,50,Australia,user269@example.com,1/2/2022
270,Sara,Lee,66,Australia,user270@example.com,6/29/2022
271,Michael,Smith,49,USA,user271@example.com,8/9/2019
272,Anna,Smith,66,Canada,user272@example.com,10/31/2023
273,Sara,Taylor,52,UK,user273@example.com,7/18/2022
274,John,Smith,61,Australia,user274@example.com,10/31/2021
275,Anna,Smith,55,Australia,user275@example.com,11/9/2020
276,Anna,Taylor,43,USA,user276@example.com,12/3/2021
277,John,Wilson,28,Germany,user277@example.com,7/10/2023
278,Sara,Wilson,52,UK,user278@example.com,8/27/2022
279,John,Taylor,25,Canada,user279@example.com,2/7/2021
280,Emily,Lee,63,Australia,user280@example.com,5/17/2019
281,Anna,Smith,31,Australia,user281@example.com,10/13/2023
282,David,Smith,27,UK,user282@example.com,11/12/2019
283,David,Lee,19,Germany,user283@example.com,8/25/2023
284,Michael,Wilson,63,Australia,user284@example.com,11/23/2022
285,John,Brown,26,UK,user285@example.com,5/8/2021
286,John,Brown,20,USA,user286@example.com,2/26/2020
287,Michael,Brown,38,Germany,user287@example.com,5/31/2023
288,Michael,Wilson,43,Canada,user288@example.com,2/4/2020
289,Michael,Wilson,25,Australia,user289@example.com,12/17/2023
290,Anna,Lee,65,UK,user290@example.com,4/5/2021
291,Emily,Smith,19,USA,user291@example.com,2/25/2023
292,John,Lee,23,Canada,user292@example.com,4/13/2022
293,Anna,Lee,45,UK,user293@example.com,2/6/2021
294,Michael,Wilson,46,UK,user294@example.com,4/26/2019
295,John,Brown,43,Canada,user295@example.com,10/23/2022
296,Anna,Johnson,42,USA,user296@example.com,6/14/2023
297,Emily,Smith,29,USA,user297@example.com,12/7/2019
298,Anna,Wilson,22,Germany,user298@example.com,11/14/2021
299,Emily,Brown,51,Australia,user299@example.com,2/8/2023
300,Michael,Johnson,65,Canada,user300@example.com,4/21/2023
301,Emily,Johnson,54,Canada,user301@example.com,2/23/2020
302,John,Wilson,32,Canada,user302@example.com,10/20/2019
303,Michael,Taylor,61,USA,user303@example.com,2/4/2020
304,John,Smith,53,Australia,user304@example.com,11/3/2020
305,David,Johnson,32,Germany,user305@example.com,11/2/2022
306,Sara,Wilson,60,UK,user306@example.com,7/17/2020
307,Emily,Wilson,65,UK,user307@example.com,3/8/2019
308,Sara,Brown,40,Canada,user308@example.com,5/24/2020
309,Sara,Taylor,23,Australia,user309@example.com,6/28/2021
310,Emily,Smith,63,USA,user310@example.com,3/11/2019
311,Michael,Lee,67,Australia,user311@example.com,9/26/2023
312,David,Brown,61,Australia,user312@example.com,1/14/2021
313,John,Johnson,60,USA,user313@example.com,3/7/2023
314,Anna,Johnson,62,Canada,user314@example.com,10/28/2021
315,John,Brown,38,Australia,user315@example.com,6/10/2021
316,Anna,Wilson,40,UK,user316@example.com,10/30/2021
317,John,Johnson,60,USA,user317@example.com,12/13/2021
318,Emily,Taylor,33,Germany,user318@example.com,5/22/2023
319,David,Smith,64,Canada,user319@example.com,1/19/2021
320,Anna,Taylor,32,USA,user320@example.com,8/15/2022
321,Michael,Johnson,42,Germany,user321@example.com,5/2/2023
322,John,Lee,53,Germany,user322@example.com,6/21/2021
323,John,Smith,28,Australia,user323@example.com,11/23/2020
324,Anna,Smith,68,Australia,user324@example.com,2/1/2023
325,Michael,Brown,32,Australia,user325@example.com,12/13/2019
326,Michael,Brown,21,USA,user326@example.com,1/16/2020
327,Emily,Lee,38,USA,user327@example.com,9/9/2020
328,Emily,Wilson,30,Canada,user328@example.com,6/14/2021
329,Emily,Smith,39,Australia,user329@example.com,9/5/2019
330,Emily,Lee,36,Germany,user330@example.com,3/9/2022
331,Emily,Brown,51,UK,user331@example.com,10/9/2022
332,Emily,Brown,31,Canada,user332@example.com,4/10/2022
333,David,Smith,21,USA,user333@example.com,12/21/2023
334,Michael,Taylor,65,Canada,user334@example.com,5/29/2021
335,Emily,Johnson,69,Canada,user335@example.com,8/23/2022
336,Michael,Brown,63,Canada,user336@example.com,11/16/2020
337,Michael,Wilson,44,Canada,user337@example.com,1/28/2019
338,Sara,Wilson,46,UK,user338@example.com,6/2/2020
339,David,Brown,64,Australia,user339@example.com,10/24/2023
340,Emily,Taylor,45,Germany,user340@example.com,11/1/2023
341,John,Taylor,52,Canada,user341@example.com,7/9/2022
342,Anna,Lee,25,Canada,user342@example.com,4/1/2020
343,John,Wilson,33,Canada,user343@example.com,4/9/2022
344,David,Lee,59,Australia,user344@example.com,10/28/2022
345,Anna,Wilson,53,USA,user345@example.com,9/19/2022
346,David,Johnson,47,USA,user346@example.com,2/21/2022
347,Michael,Johnson,35,UK,user347@example.com,6/10/2020
348,Anna,Smith,19,USA,user348@example.com,3/3/2020
349,Michael,Lee,66,Canada,user349@example.com,9/5/2022
350,John,Brown,30,Canada,user350@example.com,5/17/2019
351,John,Lee,21,Canada,user351@example.com,11/28/2023
352,Anna,Brown,43,UK,user352@example.com,3/11/2022
353,Anna,Taylor,42,Canada,user353@example.com,9/13/2023
354,Emily,Lee,47,USA,user354@example.com,12/12/2021
355,David,Taylor,28,Australia,user355@example.com,6/22/2020
356,Emily,Johnson,24,Australia,user356@example.com,2/26/2023
357,David,Johnson,48,Germany,user357@example.com,1/31/2020
358,Emily,Smith,61,USA,user358@example.com,5/4/2019
359,Michael,Lee,27,Canada,user359@example.com,2/15/2019
360,Anna,Taylor,56,Australia,user360@example.com,3/3/2021
361,John,Brown,30,USA,user361@example.com,8/13/2021
362,David,Johnson,48,Australia,user362@example.com,5/23/2020
363,David,Johnson,24,Canada,user363@example.com,5/5/2022
364,John,Brown,66,Australia,user364@example.com,3/8/2023
365,Emily,Taylor,59,Germany,user365@example.com,4/11/2022
366,David,Taylor,59,Germany,user366@example.com,9/12/2023
367,Michael,Lee,53,Australia,user367@example.com,8/20/2019
368,Anna,Lee,37,USA,user368@example.com,3/5/2022
369,John,Wilson,21,USA,user369@example.com,3/23/2020
370,Anna,Wilson,24,USA,user370@example.com,1/26/2019
371,David,Smith,18,Australia,user371@example.com,11/22/2019
372,David,Johnson,61,USA,user372@example.com,10/9/2020
373,John,Lee,62,Canada,user373@example.com,6/21/2023
374,Michael,Taylor,59,Germany,user374@example.com,2/15/2022
375,Sara,Brown,64,Canada,user375@example.com,7/15/2019
376,John,Taylor,30,USA,user376@example.com,12/28/2022
377,Sara,Johnson,39,Canada,user377@example.com,6/26/2021
378,Emily,Wilson,38,USA,user378@example.com,6/2/2019
379,Sara,Taylor,39,Australia,user379@example.com,1/31/2023
380,Michael,Smith,45,Canada,user380@example.com,5/31/2021
381,Emily,Johnson,26,Australia,user381@example.com,9/20/2023
382,Sara,Wilson,43,Australia,user382@example.com,4/25/2019
383,Emily,Brown,26,UK,user383@example.com,4/1/2022
384,Sara,Wilson,32,USA,user384@example.com,12/23/2019
385,Michael,Smith,27,Germany,user385@example.com,9/13/2023
386,Sara,Johnson,41,USA,user386@example.com,6/3/2020
387,Sara,Brown,59,Germany,user387@example.com,5/4/2021
388,Sara,Smith,25,USA,user388@example.com,10/1/2021
389,John,Wilson,41,Australia,user389@example.com,10/14/2020
390,John,Smith,33,Canada,user390@example.com,6/29/2021
391,John,Johnson,66,Canada,user391@example.com,5/27/2019
392,Michael,Lee,43,UK,user392@example.com,11/8/2020
393,Emily,Smith,44,Germany,user393@example.com,11/19/2022
394,David,Smith,54,Germany,user394@example.com,5/24/2023
395,Sara,Wilson,21,Germany,user395@example.com,2/14/2021
396,Sara,Wilson,67,Australia,user396@example.com,3/19/2022
397,Michael,Brown,41,Germany,user397@example.com,4/8/2023
398,Sara,Wilson,36,Canada,user398@example.com,7/27/2023
399,John,Taylor,53,Australia,user399@example.com,6/6/2023
400,David,Johnson,56,USA,user400@example.com,8/11/2019
401,Anna,Johnson,27,Germany,user401@example.com,12/8/2019
402,Sara,Lee,42,Germany,user402@example.com,4/7/2019
403,John,Lee,35,USA,user403@example.com,1/9/2020
404,Anna,Johnson,36,Germany,user404@example.com,4/26/2021
405,David,Lee,53,USA,user405@example.com,3/29/2019
406,Anna,Brown,27,Australia,user406@example.com,11/13/2022
407,John,Wilson,50,Canada,user407@example.com,9/23/2022
408,Emily,Johnson,67,USA,user408@example.com,4/24/2022
409,Emily,Lee,22,UK,user409@example.com,2/21/2020
410,Anna,Johnson,64,USA,user410@example.com,4/3/2019
411,Michael,Taylor,66,Germany,user411@example.com,8/14/2022
412,Anna,Smith,52,Australia,user412@example.com,9/5/2019
413,Sara,Wilson,61,Australia,user413@example.com,3/13/2019
414,Sara,Johnson,51,USA,user414@example.com,5/9/2021
415,Emily,Smith,50,Canada,user415@example.com,1/21/2023
416,Michael,Lee,38,UK,user416@example.com,11/9/2020
417,John,Smith,34,Australia,user417@example.com,10/8/2020
418,Sara,Wilson,39,Germany,user418@example.com,12/3/2019
419,Emily,Johnson,65,Germany,user419@example.com,5/7/2023
420,David,Taylor,54,Canada,user420@example.com,4/5/2019
421,Emily,Lee,32,Australia,user421@example.com,11/13/2020
422,Sara,Johnson,52,USA,user422@example.com,2/17/2019
423,Sara,Wilson,45,Germany,user423@example.com,3/3/2021
424,Emily,Lee,24,Canada,user424@example.com,11/29/2020
425,John,Brown,49,Australia,user425@example.com,9/19/2020
426,Anna,Smith,28,Australia,user426@example.com,3/13/2021
427,Sara,Wilson,27,Australia,user427@example.com,2/13/2022
428,Emily,Brown,26,Australia,user428@example.com,9/28/2019
429,Emily,Johnson,31,Australia,user429@example.com,12/3/2021
430,Michael,Taylor,30,Germany,user430@example.com,10/9/2023
431,Anna,Lee,42,Canada,user431@example.com,8/16/2022
432,David,Smith,19,Australia,user432@example.com,11/18/2023
433,John,Lee,52,UK,user433@example.com,11/8/2021
434,David,Johnson,24,UK,user434@example.com,7/24/2019
435,Anna,Lee,38,Canada,user435@example.com,7/18/2019
436,Anna,Smith,35,USA,user436@example.com,12/15/2021
437,Anna,Johnson,20,USA,user437@example.com,6/4/2021
438,David,Lee,59,USA,user438@example.com,4/6/2022
439,Anna,Taylor,56,UK,user439@example.com,7/24/2019
440,Emily,Wilson,58,USA,user440@example.com,11/11/2021
441,David,Johnson,66,Germany,user441@example.com,8/21/2022
442,Anna,Wilson,28,Australia,user442@example.com,4/11/2022
443,Emily,Johnson,56,UK,user443@example.com,11/15/2022
444,Michael,Taylor,41,Canada,user444@example.com,6/14/2023
445,Anna,Wilson,63,Canada,user445@example.com,5/17/2020
446,David,Brown,36,Australia,user446@example.com,5/10/2022
447,Sara,Smith,21,UK,user447@example.com,10/28/2021
448,Anna,Brown,43,USA,user448@example.com,9/11/2019
449,Sara,Lee,55,USA,user449@example.com,1/28/2021
450,Emily,Taylor,59,Germany,user450@example.com,8/2/2023
451,Michael,Brown,49,Germany,user451@example.com,12/11/2022
452,John,Johnson,56,USA,user452@example.com,11/1/2020
453,Michael,Lee,62,Canada,user453@example.com,5/20/2020
454,Anna,Lee,63,Canada,user454@example.com,3/28/2019
455,Sara,Brown,53,Germany,user455@example.com,6/25/2021
456,Sara,Brown,57,Australia,user456@example.com,12/21/2021
457,David,Taylor,54,USA,user457@example.com,5/23/2019
458,Sara,Smith,50,Germany,user458@example.com,8/4/2021
459,David,Brown,53,Germany,user459@example.com,11/19/2020
460,Emily,Brown,20,USA,user460@example.com,12/8/2020
461,John,Wilson,26,USA,user461@example.com,3/19/2019
462,Anna,Johnson,25,Canada,user462@example.com,4/29/2023
463,David,Wilson,50,Australia,user463@example.com,8/25/2023
464,John,Wilson,23,Australia,user464@example.com,10/17/2019
465,Sara,Lee,58,USA,user465@example.com,1/12/2019
466,Sara,Smith,56,UK,user466@example.com,9/15/2020
467,John,Johnson,21,Germany,user467@example.com,2/12/2019
468,Sara,Taylor,30,Germany,user468@example.com,3/4/2023
469,Emily,Taylor,66,USA,user469@example.com,3/28/2020
470,Emily,Brown,19,UK,user470@example.com,1/27/2020
471,John,Brown,22,Canada,user471@example.com,6/19/2023
472,David,Taylor,61,USA,user472@example.com,8/29/2020
473,David,Brown,44,USA,user473@example.com,2/17/2022
474,John,Smith,49,Germany,user474@example.com,2/3/2020
475,David,Wilson,38,USA,user475@example.com,11/14/2019
476,David,Brown,25,USA,user476@example.com,3/24/2023
477,Emily,Lee,55,USA,user477@example.com,11/21/2022
478,David,Brown,25,Germany,user478@example.com,9/26/2022
479,Michael,Johnson,67,Canada,user479@example.com,3/7/2019
480,Anna,Smith,20,Canada,user480@example.com,7/26/2021
481,Sara,Johnson,61,USA,user481@example.com,8/20/2020
482,Michael,Johnson,20,Germany,user482@example.com,10/25/2019
483,David,Lee,39,Canada,user483@example.com,12/18/2020
484,Emily,Smith,23,Canada,user484@example.com,6/4/2021
485,John,Smith,19,Canada,user485@example.com,7/18/2020
486,David,Smith,40,Germany,user486@example.com,8/7/2021
487,Emily,Smith,61,Germany,user487@example.com,9/13/2022
488,Anna,Smith,19,USA,user488@example.com,12/24/2019
489,David,Lee,55,Australia,user489@example.com,10/26/2022
490,John,Brown,34,Canada,user490@example.com,11/18/2022
491,Emily,Johnson,52,Australia,user491@example.com,11/23/2019
492,Emily,Smith,51,Germany,user492@example.com,5/13/2023
493,Emily,Brown,40,Germany,user493@example.com,8/1/2020
494,Anna,Brown,47,Germany,user494@example.com,3/10/2023
495,David,Johnson,69,Australia,user495@example.com,5/1/2019
496,Anna,Lee,25,Germany,user496@example.com,7/19/2020
497,Sara,Taylor,39,USA,user497@example.com,9/1/2021
498,Sara,Taylor,61,Germany,user498@example.com,10/5/2022
499,David,Brown,53,UK,user499@example.com,1/11/2023
500,Anna,Wilson,22,Australia,user500@example.com,6/9/2022
501,John,Wilson,30,UK,user501@example.com,7/24/2019
502,Emily,Johnson,46,Germany,user502@example.com,6/21/2019
503,Emily,Taylor,48,USA,user503@example.com,12/2/2021
504,David,Brown,64,Canada,user504@example.com,1/21/2023
505,Sara,Lee,33,Germany,user505@example.com,6/23/2020
506,Sara,Taylor,59,USA,user506@example.com,6/29/2022
507,Emily,Brown,47,Australia,user507@example.com,9/3/2023
508,David,Brown,33,UK,user508@example.com,8/20/2023
509,Anna,Smith,29,UK,user509@example.com,10/10/2019
510,Sara,Lee,34,UK,user510@example.com,10/21/2022
511,Anna,Smith,33,Australia,user511@example.com,3/8/2021
512,Sara,Johnson,29,USA,user512@example.com,8/10/2023
513,Sara,Smith,25,Australia,user513@example.com,7/14/2023
514,Michael,Smith,37,UK,user514@example.com,12/16/2019
515,Sara,Taylor,20,Germany,user515@example.com,4/16/2019
516,John,Wilson,33,Canada,user516@example.com,10/1/2023
517,David,Brown,47,Australia,user517@example.com,10/25/2019
518,David,Lee,62,Australia,user518@example.com,6/27/2022
519,Anna,Smith,40,USA,user519@example.com,6/23/2023
520,Sara,Lee,45,USA,user520@example.com,1/21/2023
521,John,Wilson,68,Australia,user521@example.com,3/16/2022
522,Anna,Wilson,57,UK,user522@example.com,10/22/2022
523,Michael,Smith,22,Canada,user523@example.com,3/30/2022
524,Anna,Johnson,37,USA,user524@example.com,11/28/2019
525,Anna,Smith,57,UK,user525@example.com,5/21/2021
526,Sara,Taylor,61,Germany,user526@example.com,1/26/2021
527,Michael,Brown,18,USA,user527@example.com,10/23/2021
528,Anna,Johnson,47,UK,user528@example.com,6/8/2022
529,John,Smith,38,UK,user529@example.com,9/13/2022
530,John,Lee,37,Canada,user530@example.com,11/23/2022
531,David,Johnson,23,Canada,user531@example.com,11/27/2022
532,Michael,Johnson,39,Germany,user532@example.com,6/16/2020
533,Michael,Smith,35,UK,user533@example.com,8/25/2022
534,David,Johnson,25,UK,user534@example.com,10/31/2020
535,Anna,Lee,56,Canada,user535@example.com,12/15/2019
536,Michael,Wilson,49,USA,user536@example.com,5/22/2019
537,John,Johnson,50,USA,user537@example.com,5/19/2022
538,John,Wilson,33,Australia,user538@example.com,4/13/2023
539,Sara,Lee,29,Canada,user539@example.com,4/11/2019
540,Michael,Smith,55,Australia,user540@example.com,11/16/2019
541,Anna,Brown,69,Canada,user541@example.com,4/13/2022
542,David,Johnson,51,Germany,user542@example.com,2/5/2023
543,David,Brown,31,UK,user543@example.com,4/13/2023
544,Anna,Lee,53,Germany,user544@example.com,1/30/2023
545,Emily,Johnson,50,Canada,user545@example.com,2/9/2020
546,Sara,Wilson,40,UK,user546@example.com,12/9/2021
547,David,Taylor,67,USA,user547@example.com,1/11/2023
548,Michael,Brown,62,USA,user548@example.com,5/3/2023
549,Sara,Johnson,19,Australia,user549@example.com,2/9/2022
550,Michael,Brown,58,Canada,user550@example.com,3/3/2022
551,John,Johnson,38,Canada,user551@example.com,5/11/2021
552,Sara,Smith,19,USA,user552@example.com,9/23/2020
553,David,Wilson,44,Germany,user553@example.com,4/7/2022
554,Sara,Brown,26,UK,user554@example.com,5/13/2023
555,Sara,Taylor,18,Germany,user555@example.com,2/28/2020
556,Sara,Taylor,28,Germany,user556@example.com,6/30/2020
557,Emily,Lee,20,USA,user557@example.com,8/3/2020
558,Sara,Johnson,69,USA,user558@example.com,3/13/2021
559,Michael,Brown,40,USA,user559@example.com,11/10/2019
560,John,Lee,43,Australia,user560@example.com,11/4/2019
561,Anna,Brown,21,Germany,user561@example.com,5/31/2023
562,Sara,Johnson,35,Canada,user562@example.com,3/26/2023
563,David,Taylor,23,UK,user563@example.com,3/16/2022
564,Sara,Smith,52,Australia,user564@example.com,12/3/2020
565,David,Taylor,39,Canada,user565@example.com,5/25/2023
566,Michael,Lee,60,Germany,user566@example.com,9/10/2021
567,David,Wilson,32,USA,user567@example.com,1/6/2022
568,Anna,Smith,39,Germany,user568@example.com,9/11/2021
569,John,Lee,54,UK,user569@example.com,4/20/2021
570,David,Johnson,69,Australia,user570@example.com,11/30/2021
571,David,Smith,59,Australia,user571@example.com,4/7/2020
572,John,Lee,29,UK,user572@example.com,1/24/2023
573,Anna,Johnson,64,Canada,user573@example.com,5/26/2023
574,Sara,Taylor,66,Canada,user574@example.com,12/19/2021
575,David,Wilson,59,Australia,user575@example.com,4/25/2020
576,John,Johnson,55,Australia,user576@example.com,6/5/2023
577,Michael,Brown,35,USA,user577@example.com,5/23/2021
578,John,Johnson,62,Canada,user578@example.com,7/9/2021
579,Michael,Johnson,52,UK,user579@example.com,10/26/2023
580,Anna,Wilson,47,Canada,user580@example.com,12/24/2019
581,Sara,Brown,41,USA,user581@example.com,4/23/2019
582,John,Lee,59,Australia,user582@example.com,6/20/2019
583,Emily,Lee,47,Australia,user583@example.com,5/1/2022
584,David,Johnson,31,USA,user584@example.com,2/25/2021
585,Anna,Brown,23,UK,user585@example.com,9/12/2022
586,John,Brown,20,Australia,user586@example.com,8/27/2023
587,David,Wilson,33,Germany,user587@example.com,12/15/2021
588,John,Taylor,24,Australia,user588@example.com,9/27/2019
589,Michael,Lee,69,Germany,user589@example.com,2/28/2023
590,John,Wilson,31,USA,user590@example.com,1/27/2022
591,Emily,Smith,26,USA,user591@example.com,3/14/2020
592,John,Lee,32,Australia,user592@example.com,11/14/2021
593,John,Wilson,38,Canada,user593@example.com,10/12/2022
594,Emily,Lee,52,Germany,user594@example.com,11/19/2022
595,Anna,Taylor,19,UK,user595@example.com,11/11/2020
596,John,Smith,44,Australia,user596@example.com,2/24/2019
597,Emily,Taylor,19,UK,user597@example.com,8/28/2019
598,David,Smith,52,Australia,user598@example.com,8/30/2019
599,Michael,Johnson,35,Canada,user599@example.com,4/13/2023
600,Michael,Wilson,31,Canada,user600@example.com,8/21/2023
601,John,Smith,37,Canada,user601@example.com,4/30/2021
602,Anna,Taylor,35,Canada,user602@example.com,8/22/2022
603,Anna,Lee,27,USA,user603@example.com,8/26/2019
604,David,Smith,42,USA,user604@example.com,1/22/2022
605,John,Wilson,19,Germany,user605@example.com,10/14/2021
606,Michael,Smith,42,UK,user606@example.com,8/24/2023
607,Anna,Brown,50,Australia,user607@example.com,5/30/2022
608,John,Lee,53,Australia,user608@example.com,6/13/2023
609,Anna,Wilson,48,USA,user609@example.com,7/26/2020
610,Emily,Wilson,31,Australia,user610@example.com,3/7/2023
611,Anna,Johnson,18,USA,user611@example.com,5/25/2019
612,Michael,Taylor,63,Germany,user612@example.com,11/13/2022
613,Sara,Johnson,33,UK,user613@example.com,1/7/2019
614,David,Wilson,63,Germany,user614@example.com,3/29/2019
615,David,Lee,69,Canada,user615@example.com,10/26/2022
616,Michael,Smith,20,Canada,user616@example.com,12/13/2022
617,Anna,Smith,52,Canada,user617@example.com,8/2/2019
618,John,Lee,58,Germany,user618@example.com,1/8/2019
619,Anna,Wilson,23,Australia,user619@example.com,10/13/2019
620,Michael,Smith,42,UK,user620@example.com,7/20/2020
621,David,Smith,30,Canada,user621@example.com,2/1/2023
622,Anna,Smith,51,Canada,user622@example.com,2/27/2020
623,David,Taylor,25,Canada,user623@example.com,1/14/2022
624,John,Taylor,38,UK,user624@example.com,4/28/2019
625,David,Brown,51,Canada,user625@example.com,11/23/2023
626,David,Johnson,21,UK,user626@example.com,12/13/2020
627,Sara,Lee,42,Canada,user627@example.com,9/12/2021
628,Sara,Lee,32,Germany,user628@example.com,5/22/2021
629,Emily,Lee,21,Germany,user629@example.com,8/8/2021
630,Sara,Brown,62,UK,user630@example.com,5/11/2020
631,David,Taylor,29,Germany,user631@example.com,6/12/2023
632,Michael,Wilson,49,UK,user632@example.com,9/29/2022
633,David,Wilson,49,Germany,user633@example.com,9/26/2020
634,Michael,Brown,45,Germany,user634@example.com,1/21/2020
635,Michael,Wilson,30,UK,user635@example.com,9/17/2023
636,Sara,Lee,48,Australia,user636@example.com,4/26/2022
637,Anna,Johnson,31,Germany,user637@example.com,8/14/2020
638,John,Smith,37,Canada,user638@example.com,6/18/2020
639,Sara,Taylor,35,Australia,user639@example.com,4/12/2019
640,Sara,Taylor,46,UK,user640@example.com,5/8/2019
641,Anna,Brown,23,Australia,user641@example.com,3/19/2019
642,John,Taylor,49,USA,user642@example.com,7/16/2023
643,David,Lee,46,USA,user643@example.com,8/20/2023
644,Emily,Wilson,60,Germany,user644@example.com,10/18/2020
645,Emily,Lee,19,Germany,user645@example.com,4/30/2023
646,David,Brown,40,Canada,user646@example.com,3/29/2023
647,Sara,Lee,36,Australia,user647@example.com,9/30/2019
648,John,Wilson,48,USA,user648@example.com,2/14/2021
649,Sara,Johnson,68,Germany,user649@example.com,10/25/2022
650,Michael,Brown,22,Australia,user650@example.com,6/15/2023
651,Sara,Johnson,36,Germany,user651@example.com,11/12/2020
652,Sara,Smith,51,Germany,user652@example.com,3/20/2022
653,David,Johnson,27,USA,user653@example.com,9/15/2020
654,David,Smith,42,USA,user654@example.com,10/11/2021
655,David,Smith,19,Germany,user655@example.com,3/13/2019
656,Emily,Johnson,28,UK,user656@example.com,3/16/2022
657,Michael,Brown,67,Germany,user657@example.com,9/12/2020
658,David,Wilson,48,Germany,user658@example.com,9/23/2023
659,John,Lee,32,Canada,user659@example.com,3/23/2022
660,Emily,Lee,26,Canada,user660@example.com,12/21/2020
661,Anna,Wilson,40,Canada,user661@example.com,5/20/2023
662,John,Smith,36,UK,user662@example.com,5/13/2019
663,John,Smith,26,UK,user663@example.com,3/8/2020
664,David,Brown,52,Germany,user664@example.com,7/8/2023
665,Anna,Taylor,38,Canada,user665@example.com,9/26/2021
666,Anna,Johnson,26,UK,user666@example.com,12/12/2021
667,Emily,Smith,45,USA,user667@example.com,3/20/2019
668,Anna,Lee,63,Germany,user668@example.com,9/15/2019
669,Michael,Brown,68,Australia,user669@example.com,10/8/2021
670,David,Johnson,24,Germany,user670@example.com,3/4/2021
671,Anna,Brown,33,Australia,user671@example.com,8/28/2022
672,Emily,Johnson,33,Canada,user672@example.com,5/29/2021
673,Michael,Johnson,50,Australia,user673@example.com,2/1/2021
674,Sara,Wilson,21,Canada,user674@example.com,11/7/2019
675,Sara,Smith,21,USA,user675@example.com,1/27/2023
676,Michael,Brown,56,Australia,user676@example.com,1/23/2023
677,Emily,Brown,57,Germany,user677@example.com,6/25/2021
678,Michael,Wilson,34,Canada,user678@example.com,2/22/2023
679,David,Lee,54,Germany,user679@example.com,10/9/2020
680,David,Lee,56,UK,user680@example.com,12/15/2021
681,Sara,Smith,69,Canada,user681@example.com,5/12/2022
682,Anna,Smith,46,Australia,user682@example.com,2/25/2021
683,Emily,Taylor,69,Canada,user683@example.com,11/8/2019
684,Sara,Wilson,53,Germany,user684@example.com,7/21/2022
685,Anna,Lee,55,USA,user685@example.com,4/6/2021
686,Anna,Johnson,56,Canada,user686@example.com,10/29/2022
687,David,Brown,67,Australia,user687@example.com,1/4/2019
688,John,Smith,54,UK,user688@example.com,9/8/2022
689,John,Brown,69,USA,user689@example.com,6/10/2022
690,Michael,Brown,52,UK,user690@example.com,3/12/2022
691,David,Taylor,24,Canada,user691@example.com,8/30/2021
692,Anna,Lee,44,Germany,user692@example.com,4/26/2019
693,Emily,Smith,45,Germany,user693@example.com,8/22/2020
694,John,Brown,39,Australia,user694@example.com,11/9/2019
695,Anna,Smith,31,Germany,user695@example.com,5/1/2019
696,John,Johnson,24,USA,user696@example.com,12/4/2022
697,John,Taylor,54,Germany,user697@example.com,6/29/2022
698,John,Johnson,39,Australia,user698@example.com,4/4/2023
699,Emily,Smith,22,Canada,user699@example.com,8/16/2019
700,David,Smith,19,Canada,user700@example.com,1/12/2020
701,Emily,Lee,44,Germany,user701@example.com,5/17/2023
702,Sara,Brown,38,UK,user702@example.com,1/26/2019
703,Anna,Brown,55,Canada,user703@example.com,4/14/2019
704,David,Johnson,32,Germany,user704@example.com,1/30/2019
705,David,Taylor,38,Australia,user705@example.com,4/13/2021
706,David,Wilson,27,Germany,user706@example.com,4/12/2021
707,David,Brown,40,Canada,user707@example.com,2/26/2021
708,Emily,Lee,56,Australia,user708@example.com,2/22/2022
709,David,Johnson,22,Germany,user709@example.com,2/9/2023
710,Michael,Johnson,18,USA,user710@example.com,9/13/2021
711,Anna,Wilson,30,Australia,user711@example.com,8/15/2023
712,David,Lee,38,USA,user712@example.com,9/16/2023
713,Anna,Taylor,43,UK,user713@example.com,2/21/2023
714,Michael,Lee,67,Australia,user714@example.com,6/20/2019
715,Michael,Taylor,62,USA,user715@example.com,5/23/2020
716,Anna,Lee,38,Canada,user716@example.com,6/1/2019
717,John,Lee,35,Canada,user717@example.com,6/23/2021
718,Sara,Smith,54,UK,user718@example.com,8/16/2023
719,John,Johnson,62,Australia,user719@example.com,7/13/2023
720,John,Lee,49,Australia,user720@example.com,6/10/2021
721,Emily,Wilson,53,Australia,user721@example.com,5/22/2022
722,John,Lee,34,UK,user722@example.com,8/30/2023
723,David,Brown,52,Australia,user723@example.com,2/4/2021
724,Emily,Johnson,66,Canada,user724@example.com,4/14/2020
725,Emily,Brown,28,USA,user725@example.com,8/5/2023
726,Michael,Johnson,38,Canada,user726@example.com,5/23/2023
727,John,Brown,69,Canada,user727@example.com,11/6/2022
728,Michael,Lee,43,USA,user728@example.com,10/4/2022
729,Anna,Lee,21,Canada,user729@example.com,2/13/2019
730,Sara,Smith,51,UK,user730@example.com,2/27/2022
731,Emily,Wilson,69,USA,user731@example.com,10/15/2019
732,Anna,Brown,65,Canada,user732@example.com,10/24/2020
733,Anna,Taylor,35,Germany,user733@example.com,8/14/2020
734,David,Smith,57,Canada,user734@example.com,8/12/2020
735,Sara,Brown,52,UK,user735@example.com,4/2/2022
736,Anna,Brown,58,Australia,user736@example.com,11/10/2021
737,Anna,Smith,46,Canada,user737@example.com,8/19/2019
738,Sara,Lee,69,Australia,user738@example.com,5/18/2021
739,Sara,Brown,46,Germany,user739@example.com,3/25/2019
740,Anna,Lee,55,Canada,user740@example.com,12/30/2021
741,Sara,Smith,59,USA,user741@example.com,10/24/2019
742,Anna,Lee,38,Australia,user742@example.com,7/27/2019
743,Anna,Johnson,59,Germany,user743@example.com,3/21/2022
744,David,Taylor,30,USA,user744@example.com,10/22/2023
745,John,Brown,66,USA,user745@example.com,12/1/2023
746,Anna,Wilson,58,USA,user746@example.com,3/30/2023
747,Michael,Taylor,34,USA,user747@example.com,12/22/2020
748,Emily,Lee,26,Canada,user748@example.com,6/14/2020
749,John,Brown,58,Canada,user749@example.com,12/12/2020
750,John,Lee,18,Canada,user750@example.com,2/14/2021
751,John,Johnson,19,Germany,user751@example.com,8/2/2023
752,David,Smith,65,Germany,user752@example.com,2/20/2023
753,Anna,Brown,46,Germany,user753@example.com,9/23/2023
754,David,Johnson,50,UK,user754@example.com,1/21/2021
755,Anna,Johnson,27,Germany,user755@example.com,12/27/2021
756,David,Brown,67,Canada,user756@example.com,10/17/2020
757,David,Lee,57,Canada,user757@example.com,2/15/2021
758,Emily,Wilson,38,UK,user758@example.com,9/14/2022
759,Michael,Johnson,45,UK,user759@example.com,1/26/2021
760,David,Taylor,28,Germany,user760@example.com,5/29/2020
761,Emily,Johnson,51,Australia,user761@example.com,8/15/2020
762,Sara,Wilson,25,UK,user762@example.com,11/5/2021
763,Michael,Lee,39,USA,user763@example.com,5/20/2020
764,David,Lee,25,Canada,user764@example.com,9/29/2019
765,John,Taylor,66,USA,user765@example.com,7/19/2019
766,Sara,Johnson,32,Canada,user766@example.com,5/22/2020
767,Sara,Lee,34,Canada,user767@example.com,5/30/2023
768,Emily,Wilson,40,UK,user768@example.com,5/15/2022
769,Sara,Brown,41,UK,user769@example.com,2/16/2021
770,Michael,Smith,62,USA,user770@example.com,7/2/2021
771,David,Smith,36,Canada,user771@example.com,2/3/2023
772,David,Smith,22,USA,user772@example.com,2/12/2020
773,John,Johnson,49,Australia,user773@example.com,5/3/2019
774,Emily,Taylor,61,USA,user774@example.com,5/17/2023
775,John,Lee,18,Germany,user775@example.com,6/10/2023
776,Sara,Brown,40,USA,user776@example.com,8/15/2020
777,John,Wilson,54,Germany,user777@example.com,3/17/2021
778,Michael,Brown,25,Germany,user778@example.com,10/9/2023
779,David,Wilson,30,Germany,user779@example.com,8/24/2022
780,Sara,Johnson,25,Australia,user780@example.com,8/10/2021
781,John,Smith,40,USA,user781@example.com,1/29/2023
782,Emily,Johnson,60,USA,user782@example.com,9/14/2020
783,Michael,Taylor,18,Australia,user783@example.com,12/8/2019
784,Michael,Taylor,62,Canada,user784@example.com,9/14/2023
785,John,Wilson,68,UK,user785@example.com,12/8/2020
786,David,Lee,41,USA,user786@example.com,5/29/2019
787,John,Lee,52,UK,user787@example.com,5/27/2023
788,Sara,Wilson,41,Australia,user788@example.com,7/5/2023
789,John,Taylor,34,Canada,user789@example.com,5/24/2022
790,Michael,Taylor,22,Canada,user790@example.com,9/22/2021
791,John,Taylor,37,Canada,user791@example.com,2/8/2019
792,David,Johnson,38,Australia,user792@example.com,3/8/2023
793,Emily,Taylor,57,Germany,user793@example.com,2/4/2022
794,Anna,Brown,48,Germany,user794@example.com,5/31/2021
795,John,Smith,63,UK,user795@example.com,12/10/2022
796,David,Taylor,53,Germany,user796@example.com,3/22/2023
797,David,Wilson,28,Germany,user797@example.com,5/17/2021
798,Emily,Smith,69,Canada,user798@example.com,1/26/2020
799,Michael,Johnson,32,Canada,user799@example.com,2/5/2020
800,David,Wilson,36,UK,user800@example.com,6/28/2023
801,David,Smith,24,USA,user801@example.com,4/4/2023
802,David,Wilson,68,UK,user802@example.com,6/10/2021
803,David,Johnson,45,UK,user803@example.com,8/22/2023
804,Sara,Brown,68,Australia,user804@example.com,8/5/2019
805,Sara,Johnson,60,Australia,user805@example.com,9/14/2019
806,Michael,Johnson,22,UK,user806@example.com,6/10/2022
807,John,Wilson,22,UK,user807@example.com,7/5/2021
808,David,Lee,47,UK,user808@example.com,12/6/2022
809,Emily,Taylor,49,Germany,user809@example.com,3/1/2022
810,John,Taylor,25,Australia,user810@example.com,6/14/2021
811,Emily,Brown,27,UK,user811@example.com,9/17/2019
812,John,Brown,55,Canada,user812@example.com,6/9/2023
813,Michael,Taylor,64,Canada,user813@example.com,8/8/2022
814,David,Lee,49,Germany,user814@example.com,12/29/2023
815,David,Taylor,65,Germany,user815@example.com,10/31/2021
816,Anna,Lee,45,USA,user816@example.com,11/4/2023
817,Emily,Brown,34,USA,user817@example.com,10/4/2020
818,John,Smith,48,USA,user818@example.com,11/14/2019
819,John,Wilson,25,Germany,user819@example.com,10/26/2021
820,Sara,Brown,57,Germany,user820@example.com,5/20/2021
821,Anna,Brown,42,Germany,user821@example.com,4/21/2020
822,Sara,Johnson,26,Canada,user822@example.com,10/4/2022
823,Sara,Johnson,19,Germany,user823@example.com,12/20/2021
824,Sara,Johnson,32,Canada,user824@example.com,8/4/2022
825,Emily,Wilson,67,USA,user825@example.com,10/28/2020
826,Emily,Johnson,20,USA,user826@example.com,6/22/2021
827,Michael,Lee,66,USA,user827@example.com,2/6/2021
828,Michael,Taylor,53,UK,user828@example.com,3/16/2022
829,Sara,Smith,21,UK,user829@example.com,12/9/2019
830,Anna,Brown,31,Australia,user830@example.com,2/5/2020
831,John,Lee,58,Australia,user831@example.com,11/29/2020
832,Emily,Smith,58,Australia,user832@example.com,10/14/2021
833,Anna,Lee,42,UK,user833@example.com,1/27/2021
834,David,Lee,67,UK,user834@example.com,11/2/2019
835,Emily,Brown,27,Australia,user835@example.com,2/9/2019
836,Emily,Taylor,38,Australia,user836@example.com,9/10/2021
837,Michael,Johnson,53,Germany,user837@example.com,2/14/2023
838,John,Wilson,29,Australia,user838@example.com,7/10/2021
839,John,Taylor,44,Germany,user839@example.com,9/11/2022
840,David,Wilson,57,Canada,user840@example.com,4/27/2020
841,David,Brown,19,UK,user841@example.com,1/27/2020
842,Emily,Brown,30,Australia,user842@example.com,4/14/2019
843,Sara,Brown,49,UK,user843@example.com,9/4/2022
844,Michael,Smith,48,UK,user844@example.com,3/10/2021
845,Michael,Wilson,33,UK,user845@example.com,12/30/2022
846,Emily,Taylor,49,Canada,user846@example.com,6/30/2021
847,Anna,Taylor,49,USA,user847@example.com,10/31/2021
848,Sara,Lee,51,Australia,user848@example.com,2/25/2023
849,Emily,Lee,28,USA,user849@example.com,6/28/2021
850,Sara,Lee,27,USA,user850@example.com,10/23/2022
851,Sara,Brown,32,USA,user851@example.com,7/10/2023
852,Sara,Taylor,34,UK,user852@example.com,2/15/2019
853,Emily,Wilson,57,Germany,user853@example.com,3/15/2021
854,Michael,Brown,35,UK,user854@example.com,12/8/2021
855,Michael,Smith,26,UK,user855@example.com,9/13/2023
856,Sara,Lee,42,USA,user856@example.com,11/15/2022
857,Anna,Brown,57,UK,user857@example.com,9/6/2019
858,John,Brown,31,USA,user858@example.com,6/15/2020
859,Emily,Smith,42,Germany,user859@example.com,6/19/2020
860,John,Johnson,67,Australia,user860@example.com,3/31/2019
861,Anna,Taylor,39,USA,user861@example.com,7/2/2023
862,Emily,Wilson,69,Germany,user862@example.com,11/13/2022
863,Sara,Johnson,47,Australia,user863@example.com,12/21/2020
864,Michael,Lee,37,Canada,user864@example.com,1/19/2021
865,John,Brown,38,USA,user865@example.com,10/23/2021
866,David,Smith,61,USA,user866@example.com,6/14/2019
867,David,Smith,49,Canada,user867@example.com,6/16/2019
868,Anna,Taylor,68,Canada,user868@example.com,8/6/2021
869,Sara,Johnson,63,USA,user869@example.com,12/24/2023
870,John,Taylor,66,Canada,user870@example.com,9/25/2021
871,Sara,Brown,38,UK,user871@example.com,8/23/2023
872,John,Taylor,52,Australia,user872@example.com,7/26/2021
873,Anna,Wilson,49,Australia,user873@example.com,7/22/2023
874,Anna,Smith,47,Australia,user874@example.com,8/3/2019
875,David,Smith,56,UK,user875@example.com,12/17/2023
876,Sara,Lee,66,Canada,user876@example.com,2/21/2023
877,Emily,Lee,29,Germany,user877@example.com,3/23/2020
878,David,Brown,58,Canada,user878@example.com,1/16/2020
879,Sara,Wilson,64,USA,user879@example.com,8/18/2022
880,David,Johnson,35,Australia,user880@example.com,3/30/2020
881,Emily,Taylor,38,Canada,user881@example.com,3/28/2023
882,Michael,Brown,30,Germany,user882@example.com,2/18/2021
883,Michael,Lee,38,USA,user883@example.com,1/27/2021
884,Michael,Taylor,25,UK,user884@example.com,4/12/2022
885,Michael,Lee,63,UK,user885@example.com,8/11/2023
886,John,Taylor,57,Germany,user886@example.com,1/16/2023
887,Michael,Johnson,63,USA,user887@example.com,11/24/2023
888,Emily,Brown,24,Australia,user888@example.com,2/26/2022
889,Anna,Taylor,40,Canada,user889@example.com,2/26/2023
890,Anna,Wilson,61,USA,user890@example.com,10/18/2022
891,John,Smith,49,UK,user891@example.com,3/27/2020
892,Michael,Wilson,28,Germany,user892@example.com,3/12/2019
893,Michael,Wilson,39,Germany,user893@example.com,5/13/2020
894,Michael,Smith,39,Canada,user894@example.com,8/18/2023
895,David,Wilson,60,Germany,user895@example.com,6/28/2021
896,Sara,Taylor,42,Germany,user896@example.com,12/2/2021
897,David,Taylor,39,USA,user897@example.com,11/23/2022
898,Sara,Taylor,45,Australia,user898@example.com,4/28/2022
899,Michael,Smith,46,Canada,user899@example.com,4/15/2023
900,Michael,Wilson,30,USA,user900@example.com,10/1/2022
901,David,Smith,35,Australia,user901@example.com,10/27/2021
902,David,Taylor,19,USA,user902@example.com,9/27/2023
903,Sara,Wilson,46,USA,user903@example.com,6/8/2021
904,Anna,Wilson,38,Germany,user904@example.com,4/28/2020
905,Sara,Lee,32,Australia,user905@example.com,9/4/2019
906,David,Lee,69,Canada,user906@example.com,12/13/2022
907,Emily,Johnson,44,Canada,user907@example.com,11/19/2020
908,David,Brown,67,Australia,user908@example.com,1/21/2019
909,Emily,Lee,48,Germany,user909@example.com,8/11/2022
910,John,Smith,32,UK,user910@example.com,9/19/2021
911,David,Lee,68,USA,user911@example.com,4/20/2019
912,John,Johnson,40,Germany,user912@example.com,12/29/2023
913,Anna,Wilson,41,Australia,user913@example.com,10/7/2020
914,Sara,Johnson,61,USA,user914@example.com,3/15/2019
915,Emily,Wilson,30,Canada,user915@example.com,5/6/2023
916,Sara,Wilson,39,UK,user916@example.com,11/15/2019
917,John,Brown,60,Canada,user917@example.com,11/8/2022
918,Emily,Lee,54,Australia,user918@example.com,6/8/2021
919,Sara,Smith,50,USA,user919@example.com,9/30/2020
920,David,Smith,20,Australia,user920@example.com,2/22/2022
921,Michael,Taylor,36,USA,user921@example.com,7/12/2022
922,John,Wilson,40,Germany,user922@example.com,5/25/2021
923,Sara,Smith,46,UK,user923@example.com,10/7/2023
924,John,Brown,47,Germany,user924@example.com,9/21/2021
925,John,Wilson,56,Germany,user925@example.com,9/30/2020
926,Emily,Brown,61,Australia,user926@example.com,4/4/2021
927,Emily,Smith,64,UK,user927@example.com,3/23/2019
928,Michael,Smith,42,USA,user928@example.com,8/9/2020
929,David,Taylor,54,USA,user929@example.com,12/29/2022
930,John,Smith,64,Canada,user930@example.com,1/2/2019
931,Sara,Wilson,25,USA,user931@example.com,12/18/2023
932,Anna,Wilson,59,Australia,user932@example.com,3/19/2022
933,John,Wilson,33,Germany,user933@example.com,5/5/2022
934,John,Taylor,25,Germany,user934@example.com,2/7/2022
935,Michael,Taylor,18,Germany,user935@example.com,9/11/2020
936,David,Smith,61,UK,user936@example.com,8/13/2019
937,Anna,Johnson,22,USA,user937@example.com,4/2/2023
938,Emily,Johnson,20,Australia,user938@example.com,2/9/2023
939,Emily,Taylor,18,UK,user939@example.com,8/29/2022
940,Sara,Smith,21,Canada,user940@example.com,3/14/2022
941,Anna,Johnson,57,Australia,user941@example.com,5/19/2021
942,Emily,Smith,52,Australia,user942@example.com,10/23/2022
943,Sara,Smith,49,Australia,user943@example.com,4/9/2021
944,David,Smith,59,Germany,user944@example.com,7/16/2022
945,Sara,Lee,51,Australia,user945@example.com,7/24/2023
946,Emily,Wilson,60,USA,user946@example.com,12/4/2020
947,Michael,Smith,42,Australia,user947@example.com,7/2/2020
948,Michael,Lee,27,Germany,user948@example.com,8/28/2020
949,Michael,Taylor,38,Australia,user949@example.com,6/25/2022
950,Emily,Johnson,63,Canada,user950@example.com,9/6/2019
951,Michael,Wilson,56,Canada,user951@example.com,7/27/2022
952,Anna,Johnson,44,Germany,user952@example.com,6/20/2020
953,David,Wilson,44,USA,user953@example.com,6/3/2022
954,Sara,Johnson,19,USA,user954@example.com,11/21/2022
955,Sara,Wilson,58,UK,user955@example.com,8/27/2021
956,Emily,Johnson,65,Germany,user956@example.com,7/2/2021
957,Michael,Johnson,30,Australia,user957@example.com,6/4/2020
958,Michael,Johnson,26,Germany,user958@example.com,8/6/2022
959,John,Johnson,69,UK,user959@example.com,10/29/2023
960,David,Taylor,53,Germany,user960@example.com,3/21/2022
961,Anna,Smith,39,Germany,user961@example.com,10/10/2020
962,Sara,Brown,59,UK,user962@example.com,10/22/2021
963,John,Lee,43,USA,user963@example.com,5/4/2022
964,John,Brown,29,Australia,user964@example.com,10/23/2022
965,Emily,Brown,34,UK,user965@example.com,10/29/2022
966,Sara,Wilson,31,Canada,user966@example.com,1/12/2020
967,Emily,Smith,31,USA,user967@example.com,10/18/2023
968,Anna,Wilson,51,Canada,user968@example.com,8/14/2022
969,John,Smith,37,USA,user969@example.com,2/6/2021
970,John,Smith,28,Australia,user970@example.com,4/30/2020
971,David,Johnson,33,Australia,user971@example.com,3/22/2019
972,Anna,Taylor,68,Germany,user972@example.com,2/10/2021
973,John,Johnson,48,Canada,user973@example.com,11/9/2019
974,Anna,Taylor,23,USA,user974@example.com,2/2/2021
975,Sara,Wilson,36,Australia,user975@example.com,2/25/2020
976,Michael,Taylor,54,UK,user976@example.com,4/29/2020
977,John,Wilson,21,Australia,user977@example.com,5/11/2022
978,David,Brown,64,UK,user978@example.com,11/23/2023
979,Sara,Brown,21,USA,user979@example.com,3/5/2019
980,Anna,Taylor,37,Australia,user980@example.com,11/7/2021
981,Emily,Taylor,27,Australia,user981@example.com,12/30/2020
982,Sara,Wilson,41,USA,user982@example.com,3/9/2022
983,John,Johnson,52,Australia,user983@example.com,7/11/2021
984,Anna,Wilson,43,UK,user984@example.com,2/13/2023
985,Michael,Johnson,54,Australia,user985@example.com,7/2/2019
986,Sara,Brown,55,Canada,user986@example.com,8/2/2019
987,John,Smith,38,Germany,user987@example.com,5/26/2021
988,David,Taylor,57,UK,user988@example.com,3/21/2019
989,Emily,Johnson,56,Canada,user989@example.com,9/21/2021
990,Anna,Wilson,38,USA,user990@example.com,4/10/2021
991,Sara,Brown,27,UK,user991@example.com,9/10/2022
992,Sara,Johnson,55,Germany,user992@example.com,2/3/2021
993,Michael,Wilson,63,Germany,user993@example.com,12/9/2020
994,Michael,Taylor,21,USA,user994@example.com,11/26/2019
995,David,Taylor,62,USA,user995@example.com,1/31/2022
996,Emily,Lee,37,UK,user996@example.com,8/20/2023
997,David,Smith,34,Australia,user997@example.com,3/27/2023
998,John,Lee,24,USA,user998@example.com,7/18/2019
999,John,Brown,21,Australia,user999@example.com,9/13/2022
1000,David,Johnson,46,Canada,user1000@example.com,3/15/2022
